Homepage,https://www.trottermath.net/
Homepage,https://www.trottermath.net/memorial/
Homepage,https://www.trottermath.net/mystory/
Homepage,https://www.trottermath.net/contents.html
Activities with simple operations,https://www.trottermath.net/simpleops/prodates.html
Activities with simple operations,https://www.trottermath.net/simpleops/trodates.html
Activities with simple operations,https://www.trottermath.net/simpleops/seedoubl.html
Activities with simple operations,https://www.trottermath.net/simpleops/cdps.html
Activities with simple operations,https://www.trottermath.net/simpleops/5dd.html
Activities with simple operations,https://www.trottermath.net/simpleops/dbltrpl.html
Activities with simple operations,https://www.trottermath.net/simpleops/9digeqpd.html
Activities with simple operations,https://www.trottermath.net/simpleops/samedig.html
Activities with simple operations,https://www.trottermath.net/simpleops/moremult.html
Activities with simple operations,https://www.trottermath.net/simpleops/stthwn.html
Activities with simple operations,https://www.trottermath.net/simpleops/equalsum.html
Activities with simple operations,https://www.trottermath.net/simpleops/almagsq.html
Activities with simple operations,https://www.trottermath.net/simpleops/supersqs.html
Activities with simple operations,https://www.trottermath.net/simpleops/wordswth.html
Activities with simple operations,https://www.trottermath.net/simpleops/frakcase.html
Activities with simple operations,https://www.trottermath.net/simpleops/russmult.html
Activities with simple operations,https://www.trottermath.net/simpleops/ddfs.html
Activities with simple operations,https://www.trottermath.net/simpleops/ddfsr.html
Activities with simple operations,https://www.trottermath.net/simpleops/piwords.html
Activities with simple operations,https://www.trottermath.net/simpleops/magictri.html
Activities with simple operations,https://www.trottermath.net/simpleops/pmp.html
Activities with simple operations,https://www.trottermath.net/simpleops/moreabout.html
Activities with simple operations,https://www.trottermath.net/simpleops/diversions.html
Activities with simple operations,https://www.trottermath.net/simpleops/pandigital.html
Number Theory & Primes,https://www.trottermath.net/numthry/charlene.html
Number Theory & Primes,https://www.trottermath.net/numthry/perfnos.html
Number Theory & Primes,https://www.trottermath.net/numthry/amicable.html
Number Theory & Primes,https://www.trottermath.net/numthry/admirabl.html
Number Theory & Primes,https://www.trottermath.net/numthry/sexyprim.html
Number Theory & Primes,https://www.trottermath.net/numthry/primsqpr.html
Number Theory & Primes,https://www.trottermath.net/numthry/repdigits.html
Number Theory & Primes,https://www.trottermath.net/numthry/worldsqs.html
Number Theory & Primes,https://www.trottermath.net/numthry/erdos.html
Number Theory & Primes,https://www.trottermath.net/numthry/repdecls.html
Number Theory & Primes,https://www.trottermath.net/numthry/egyptmth.html
Number Theory & Primes,https://www.trottermath.net/numthry/divtests.html
Number Theory & Primes,https://www.trottermath.net/numthry/bigprims.html
Number Theory & Primes,https://www.trottermath.net/numthry/psps.html
Number Theory & Primes,https://www.trottermath.net/numthry/goldbach.html
Number Theory & Primes,https://www.trottermath.net/numthry/nivennos.html
Number Theory & Primes,https://www.trottermath.net/numthry/rutharon.html
Number Theory & Primes,https://www.trottermath.net/numthry/smith.html
Number Theory & Primes,https://www.trottermath.net/numthry/polynos.html
Number Theory & Primes,https://www.trottermath.net/numthry/trident.html
Number Theory & Primes,https://www.trottermath.net/numthry/trotprims1.html
Number Theory & Primes,https://www.trottermath.net/numthry/fatherprimes.html
Number Theory & Primes,https://www.trottermath.net/numthry/tipco.html
Number Theory & Primes,https://www.trottermath.net/numthry/trotodds.html
Number Theory & Primes,https://www.trottermath.net/numthry/rsppals.html
Math with calculators,https://www.trottermath.net/mathcalc/mom.html
Math with calculators,https://www.trottermath.net/mathcalc/mom2.html
Math with calculators,https://www.trottermath.net/mathcalc/ddss.html
Math with calculators,https://www.trottermath.net/mathcalc/mathpryc.html
Math with calculators,https://www.trottermath.net/mathcalc/calpok.html
Math with calculators,https://www.trottermath.net/mathcalc/eftgame.html
Math with calculators,https://www.trottermath.net/mathcalc/anglechk.html
Activities involving recursive operations,https://www.trottermath.net/recurops/numseq.html
Activities involving recursive operations,https://www.trottermath.net/recurops/kaprekar.html
Activities involving recursive operations,https://www.trottermath.net/recurops/ulam.html
Activities involving recursive operations,https://www.trottermath.net/recurops/beyondul.html
Activities involving recursive operations,https://www.trottermath.net/recurops/sumsqdij.html
Activities involving recursive operations,https://www.trottermath.net/recurops/palndrom.html
Activities involving recursive operations,https://www.trottermath.net/recurops/b_f_mult.html
Activities involving recursive operations,https://www.trottermath.net/recurops/fracro.html
Activities involving recursive operations,https://www.trottermath.net/recurops/next.html
Problem Solving,https://www.trottermath.net/probsolv/100thltr.html
Problem Solving,https://www.trottermath.net/probsolv/applbob1.html
Problem Solving,https://www.trottermath.net/probsolv/yppy.html
Problem Solving,https://www.trottermath.net/probsolv/agedays.html
Problem Solving,https://www.trottermath.net/probsolv/deciyear.html
Problem Solving,https://www.trottermath.net/probsolv/numbrlin.html
Problem Solving,https://www.trottermath.net/probsolv/prodlist.html
Problem Solving,https://www.trottermath.net/probsolv/dijaddon.html
Problem Solving,https://www.trottermath.net/probsolv/2probs.html
Problem Solving,https://www.trottermath.net/probsolv/ladrmath.html
Problem Solving,https://www.trottermath.net/probsolv/updown.html
Problem Solving,https://www.trottermath.net/probsolv/updowna.html
Problem Solving,https://www.trottermath.net/probsolv/sqcube.html
Problem Solving,https://www.trottermath.net/probsolv/inching.html
Problem Solving,https://www.trottermath.net/probsolv/quizabcd.html
Problem Solving,https://www.trottermath.net/probsolv/primes3fs.html
Problem Solving,https://www.trottermath.net/probsolv/toplug.html
Problem Solving,https://www.trottermath.net/probsolv/9dfracsums.html
Problem Solving,https://www.trottermath.net/probsolv/levynos.html
Problem Solving,https://www.trottermath.net/probsolv/alphamath.html
Problem Solving,https://www.trottermath.net/probsolv/noprimes.html
Problem Solving,https://www.trottermath.net/probsolv/carrots.html
Problem Solving,https://www.trottermath.net/probsolv/treats.html
Problem Solving,https://www.trottermath.net/probsolv/calcexpress.html
Problem Solving,https://www.trottermath.net/probsolv/rubadub.html
Problem Solving,https://www.trottermath.net/probsolv/chocchips.html
Problem Solving,https://www.trottermath.net/probsolv/beercans.html
Problem Solving,https://www.trottermath.net/probsolv/zsuzsi.html
Problem Solving,https://www.trottermath.net/probsolv/realestate.html
Problem Solving,https://www.trottermath.net/probsolv/hikehypotenuse.html
Problem Solving,https://www.trottermath.net/probsolv/alvinsthm.html
Problem Solving,https://www.trottermath.net/probsolv/twodiffs.html
Problem Solving,https://www.trottermath.net/probsolv/quartet.html
Problem Solving,https://www.trottermath.net/probsolv/mitch.html
Problem Solving,https://www.trottermath.net/probsolv/peanuts.html
Problem Solving,https://www.trottermath.net/probsolv/omega.html
Problem Solving,https://www.trottermath.net/probsolv/timepower.html
Problem Solving,https://www.trottermath.net/probsolv/arithmogons.html
Problem Solving,https://www.trottermath.net/probsolv/sigmapn.html
Problem Solving,https://www.trottermath.net/probsolv/pidigits.html
Problem Solving,https://www.trottermath.net/probsolv/muralsmax.html
Problem Solving,https://www.trottermath.net/probsolv/bookbattle.html
Problem Solving,https://www.trottermath.net/probsolv/meanproduct.html
Problem Solving,https://www.trottermath.net/probsolv/cartrip.html
Solve Trotter's Own Problems (STOP) Math,https://www.trottermath.net/stopmath/guidelineswtm.html
Solve Trotter's Own Problems (STOP) Math,https://www.trottermath.net/stopmath/profsages.html
Solve Trotter's Own Problems (STOP) Math,https://www.trottermath.net/stopmath/jailclock.html
Solve Trotter's Own Problems (STOP) Math,https://www.trottermath.net/stopmath/fireball.html
Solve Trotter's Own Problems (STOP) Math,https://www.trottermath.net/stopmath/suzyacct.html
Solve Trotter's Own Problems (STOP) Math,https://www.trottermath.net/stopmath/kingcoins.html
Solve Trotter's Own Problems (STOP) Math,https://www.trottermath.net/stopmath/cats.html
Solve Trotter's Own Problems (STOP) Math,https://www.trottermath.net/stopmath/ftballfb.html
Solve Trotter's Own Problems (STOP) Math,https://www.trottermath.net/stopmath/nutscost.html
Solve Trotter's Own Problems (STOP) Math,https://www.trottermath.net/stopmath/nutsqrl.html
Solve Trotter's Own Problems (STOP) Math,https://www.trottermath.net/stopmath/piggybank.html
Solve Trotter's Own Problems (STOP) Math,https://www.trottermath.net/stopmath/tomdickharry.html
Solve Trotter's Own Problems (STOP) Math,https://www.trottermath.net/stopmath/timerite.html
Solve Trotter's Own Problems (STOP) Math,https://www.trottermath.net/stopmath/homerj.html
Solve Trotter's Own Problems (STOP) Math,https://www.trottermath.net/stopmath/antrace.html
Solve Trotter's Own Problems (STOP) Math,https://www.trottermath.net/stopmath/splitsqr.html
Solve Trotter's Own Problems (STOP) Math,https://www.trottermath.net/stopmath/bsktballpts.html
Solve Trotter's Own Problems (STOP) Math,https://www.trottermath.net/stopmath/appleprices.html
Solve Trotter's Own Problems (STOP) Math,https://www.trottermath.net/stopmath/monkeybiz.html
Solve Trotter's Own Problems (STOP) Math,https://www.trottermath.net/stopmath/henryh.html
Solve Trotter's Own Problems (STOP) Math,https://www.trottermath.net/stopmath/my3dogs.html
Solve Trotter's Own Problems (STOP) Math,https://www.trottermath.net/stopmath/tiffany.html
Solve Trotter's Own Problems (STOP) Math,https://www.trottermath.net/stopmath/seesaw.html
Solve Trotter's Own Problems (STOP) Math,https://www.trottermath.net/stopmath/tntrivia.html
Solve Trotter's Own Problems (STOP) Math,https://www.trottermath.net/stopmath/sprats.html
Solve Trotter's Own Problems (STOP) Math,https://www.trottermath.net/stopmath/dozendiv.html
Solve Trotter's Own Problems (STOP) Math,https://www.trottermath.net/stopmath/phonecosts.html
Solve Trotter's Own Problems (STOP) Math,https://www.trottermath.net/stopmath/pentagonpa.html
Solve Trotter's Own Problems (STOP) Math,https://www.trottermath.net/stopmath/powerup.html
Solve Trotter's Own Problems (STOP) Math,https://www.trottermath.net/stopmath/woodcutter.html
Solve Trotter's Own Problems (STOP) Math,https://www.trottermath.net/stopmath/eastwest.html
Solve Trotter's Own Problems (STOP) Math,https://www.trottermath.net/stopmath/carlascdc.html
Solve Trotter's Own Problems (STOP) Math,https://www.trottermath.net/stopmath/checkerclub.html
Solve Trotter's Own Problems (STOP) Math,https://www.trottermath.net/stopmath/hikertrip.html
Solve Trotter's Own Problems (STOP) Math,https://www.trottermath.net/stopmath/bakerdozen.html
Solve Trotter's Own Problems (STOP) Math,https://www.trottermath.net/stopmath/parakeets.html
Solve Trotter's Own Problems (STOP) Math,https://www.trottermath.net/stopmath/5thgrade.html
Solve Trotter's Own Problems (STOP) Math,https://www.trottermath.net/stopmath/guiltyp.html
Solve Trotter's Own Problems (STOP) Math,https://www.trottermath.net/stopmath/dandyfam.html
Solve Trotter's Own Problems (STOP) Math,https://www.trottermath.net/stopmath/whatmonth.html
Solve Trotter's Own Problems (STOP) Math,https://www.trottermath.net/stopmath/swap.html
Solve Trotter's Own Problems (STOP) Math,https://www.trottermath.net/stopmath/cowboyropes.html
Solve Trotter's Own Problems (STOP) Math,https://www.trottermath.net/stopmath/sumquotrem.html
Solve Trotter's Own Problems (STOP) Math,https://www.trottermath.net/stopmath/tievote.html
Solve Trotter's Own Problems (STOP) Math,https://www.trottermath.net/stopmath/inversofeebseq.html
Solve Trotter's Own Problems (STOP) Math,https://www.trottermath.net/stopmath/beachtrip.html
Digital Expressions,https://www.trottermath.net/digexpns/funnuts.html
Digital Expressions,https://www.trottermath.net/digexpns/phoneqns.html
Digital Expressions,https://www.trottermath.net/digexpns/century.html
Digital Expressions,https://www.trottermath.net/digexpns/salinday.html
Digital Expressions,https://www.trottermath.net/digexpns/atkd.html
Pythagorean Theorem,https://www.trottermath.net/pythag/phonleng.html
Pythagorean Theorem,https://www.trottermath.net/pythag/wordlgth.html
Pythagorean Theorem,https://www.trottermath.net/pythag/pythag80.html
Pythagorean Theorem,https://www.trottermath.net/pythag/ptriples.html
Games in Elementary Math,https://www.trottermath.net/gameselem/treenex.html
Games in Elementary Math,https://www.trottermath.net/gameselem/5games.html
Games in Elementary Math,https://www.trottermath.net/gameselem/picksum.html
Games in Elementary Math,https://www.trottermath.net/gameselem/bigsmall.html
Number Trivia,https://www.trottermath.net/numtrivia/2bignos.html
Number Trivia,https://www.trottermath.net/numtrivia/specnum.html
Number Trivia,https://www.trottermath.net/numtrivia/specnum2.html
Number Trivia,https://www.trottermath.net/numtrivia/triggnos.html
Number Trivia,https://www.trottermath.net/numtrivia/sssums.html
Number Trivia,https://www.trottermath.net/numtrivia/story11.html
Number Trivia,https://www.trottermath.net/numtrivia/potpourri.html
Basic Algebra,https://www.trottermath.net/algebra/ageguess.html
Basic Algebra,https://www.trottermath.net/algebra/3mgame.html
Basic Algebra,https://www.trottermath.net/algebra/sum_prod.html
Basic Algebra,https://www.trottermath.net/algebra/multsqs.html
Basic Algebra,https://www.trottermath.net/algebra/trinoms1.html
Basic Algebra,https://www.trottermath.net/algebra/trinoms2.html
Basic Algebra,https://www.trottermath.net/algebra/vantris.html
Basic Algebra,https://www.trottermath.net/algebra/percents.html
Basic Algebra,https://www.trottermath.net/algebra/caess.html
Basic Algebra,https://www.trottermath.net/algebra/pollo.html
Humor or items of lighthearted math,https://www.trottermath.net/humor/mathcoms.html
Humor or items of lighthearted math,https://www.trottermath.net/humor/hinkpink.html
Humor or items of lighthearted math,https://www.trottermath.net/humor/poemmath.html
Humor or items of lighthearted math,https://www.trottermath.net/humor/limricks.html
Humor or items of lighthearted math,https://www.trottermath.net/humor/stuguide.html
Humor or items of lighthearted math,https://www.trottermath.net/humor/10comand.html
Humor or items of lighthearted math,https://www.trottermath.net/humor/jokes.html
Humor or items of lighthearted math,https://www.trottermath.net/humor/oddsends.html
Humor or items of lighthearted math,https://www.trottermath.net/humor/dearaddy.html
Humor or items of lighthearted math,https://www.trottermath.net/humor/santaguy.html
Humor or items of lighthearted math,https://www.trottermath.net/humor/newmath.html
Humor or items of lighthearted math,https://www.trottermath.net/humor/cartoons.html
Humor or items of lighthearted math,https://www.trottermath.net/humor/numnames.html
Personal and/or Miscellaneous,https://www.trottermath.net/personal/piday.html
Personal and/or Miscellaneous,https://www.trottermath.net/personal/egtmt.html
Personal and/or Miscellaneous,https://www.trottermath.net/personal/infinity.html
Personal and/or Miscellaneous,https://www.trottermath.net/personal/realnosys.html
Personal and/or Miscellaneous,https://www.trottermath.net/personal/lisa.html
Personal and/or Miscellaneous,https://www.trottermath.net/personal/gpa.html
Personal and/or Miscellaneous,https://www.trottermath.net/personal/gradscal.html
Personal and/or Miscellaneous,https://www.trottermath.net/personal/publist.html
Personal and/or Miscellaneous,https://www.trottermath.net/personal/mystory.html
Personal and/or Miscellaneous,https://www.trottermath.net/personal/tmn/index.html
My Story,https://www.trottermath.net/mystory/01threedreams.html,Three Dreams
My Story,https://www.trottermath.net/mystory/02photalbums.html,My Photo Albums Win a Heart
My Story,https://www.trottermath.net/mystory/03telegram.html,Telegram for Terry!
My Story,https://www.trottermath.net/mystory/04favoriteno.html,My Favorite Number
My Story,https://www.trottermath.net/mystory/05steppingout.html,Stepping Out With My Baby
My Story,https://www.trottermath.net/mystory/06santaclaus.html,Santa Claus in Tapachula
My Story,https://www.trottermath.net/mystory/07footnote.html,A Footnote for the Year
My Story,https://www.trottermath.net/mystory/08rcyear1981.html,1981: A Roller-coaster Year
My Story,https://www.trottermath.net/mystory/09lookingjob.html,Looking for a Job
My Story,https://www.trottermath.net/mystory/10tuxtla.html,To Tuxtla and Beyond
My Story,https://www.trottermath.net/mystory/11garage.html,"Our ""Garage"" Wedding"
My Story,https://www.trottermath.net/mystory/12guatemala.html,Crossing Guatemala
My Story,https://www.trottermath.net/mystory/13kansasroots.html,My Kansas Roots
My Story,https://www.trottermath.net/mystory/14years4146.html,My Pre-school Years
My Story,https://www.trottermath.net/mystory/15primaryyears1.html,My Primary Years: Part I
My Story,https://www.trottermath.net/mystory/16primaryyears2.html,My Primary Years: Part II
My Story,https://www.trottermath.net/mystory/17primaryyears3.html,My Primary Years: Part III
My Story,https://www.trottermath.net/mystory/18primaryyears4.html,My Primary Years: Part IV
My Story,https://www.trottermath.net/mystory/19farmlife.html,Life on the Farm
My Story,https://www.trottermath.net/mystory/20schoolcaney.html,School Years in Caney
My Story,https://www.trottermath.net/mystory/21westwardho.html,Westward Ho!
My Story,https://www.trottermath.net/mystory/22summer55.html,The Summer of '55
My Story,https://www.trottermath.net/mystory/23hospitallife.html,Hospital Life
My Story,https://www.trottermath.net/mystory/24omaha.html,Let's Go to Omaha
My Story,https://www.trottermath.net/mystory/25sawyer.html,Sawyer Years
My Story,https://www.trottermath.net/mystory/gallery1954.html,1954 Gallery
My Story,https://www.trottermath.net/mystory/belpregallery.html,Belpre Gallery
My Story,https://www.trottermath.net/mystory/assortedphotos.html,Assorted Photos
My Story,https://www.trottermath.net/mystory/bdayterrygloria04.html,Terry Gloria Birthdays
My Story,https://www.trottermath.net/mystory/bkb1954gove.html,Basketball 1954 Gove
My Story,https://www.trottermath.net/mystory/fotosboda.html,Wedding Photos
My Story,https://www.trottermath.net/mystory/fotosvarias.html,Various Photos
My Story,https://www.trottermath.net/mystory/windhorst.html,Windhorst Gallery
My Story,https://www.trottermath.net/mystory/bedarticle.html,Rocking Bed Article
My Story,https://www.trottermath.net/mystory/fatherarticle.html,Article about my Father
My Story,https://www.trottermath.net/mystory/jestone.html,Joseph E. Stone Photo
My Story,https://www.trottermath.net/mystory/kstcletter1950.html,Kansas Letter 1950
My Story,https://www.trottermath.net/mystory/standingbed.html,Standing Bed Photo
My Story,https://www.trottermath.net/mystory/summerletter1.html,Summer Letter
My Story,https://www.trottermath.net/mystory/weddinginvitation.html,Wedding Invitation